year,NIM
2020.1.1,2.25957
2019.1.1,2.140026
2018.1.1,2.061356
2017.1.1,2.216591
2016.1.1,2.25813
2015.1.1,2.75298
2014.1.1,2.806075
2013.1.1,2.98053
2012.1.1,3.259657
2011.1.1,3.175632
2010.1.1,3.054287